athlete_name_y,Sport
Aaron Leitmannstetter, Soccer
Abigail Erickson, Swimming
Adam Thielen, American Football
Aitor Zubizarreta, Basketball
Alan Nuguette, MMA
Alana Marquez, Gymnastics
Alana Walker, Figure Skating
Alandise Harris, Basketball
Aldrich Bailey Jr, Track and Field
Aleksi Jalli, Ice Hockey
Alessandro Negri, Tennis
Alex Kirilloff, Baseball
Alex Powers, Softball
Alex Wilson, Track and Field
Alexa Muss, Rowing
Alexander Albon, Formula 1 Racing
Alexis Lete, Skateboarding
Alfredo Correia, Football (Soccer)
Alison Bastianelli, Volleyball
Allison Linnell, Golf
Ally Ziegler, Swimming
Allyson Metzger, Basketball
Alyssa Vega, Taekwondo
Amanda Ayala, Surfing
Amanda Balionis, Golf
Amani Hooker, American Football
Amelie Brooks, Equestrian
Anaya Weaver, Gymnastics
Andre Gomes, Soccer
Angelle Sampey, Motorsports
Anthony Davis, Basketball
Anthony Edwards, Basketball
Anthony Mantanona, Wrestling
Antonieta Gaxiola, Beach Volleyball
April Ross, Beach Volleyball
Arin Wright, Track and Field
Arthur Tavares, Soccer
Ashley Desanno, Volleyball
Ashley Worford, Lacrosse
Austin Reaves, Basketball
Autumn MacDougall, Gymnastics
Ava Ireland, Swimming
Avdesh Nagar, Cricket
Axel Witsel, Soccer
Becca Hamilton, Curling
Becky Hammon, Basketball
Ben Lively, Baseball
Benjamin Hoffman, Fencing
Blair Wheeler, Track and Field
Blaise Matuidi, Soccer
Bol Bol, Basketball
Brad Guzan, Soccer
Branca Lago, Surfing
Brandon Sampson, Basketball
Brandon Shippen, American Football
Braxton Berrios, American Football
Bren Orton, Kayaking
Bri Ellis, Softball
Brion Whitley, Track and Field
Brittney Palmer, MMA
Bryce Burchi, Swimming
Bryce Young, American Football
Bubba Bolden, American Football
Buzz Holbrook, Baseball
Caitlyn Davis, Soccer
Caitlyn Kroll, Golf
Caleb Love, Basketball
Cameron Caffey, Volleyball
Cameron Edge, Rugby
Camila Bononi, Beach Volleyball
Cardale Jones, American Football
Carine Loff, Soccer
Caroline Wozniacki, Tennis
Cassandra Phelan, Swimming
Cassidy Tanton, Gymnastics
Catherine Buren, Equestrian
Catherine Harrison, Tennis
Cezar Bononi, Soccer
Chad Greenway, American Football
Chad Kemmerer, Wrestling
Chale Mcleod, Boxing
Charissa Thompson, Sportscasting
Charles Do Bronxs, MMA
Chipper Jones, Baseball
Chris Caulk, Basketball
Chris Clark, Ice Hockey
Chris Gronkowski, American Football
Chris Jericho, Wrestling
Chris Rankins, Track and Field
Christian Fleenor, Fencing
Christian Harris, American Football
Christine McGrath, Pickleball
Chyna Godiva, Pole Dancing
CJ Perry, Wrestling
Claire Cumbee Robinson, Cheerleading
Coco Vandeweghe, Tennis
Cole Cucitrone, Baseball
Cole Ferguson, Swimming
Cole Tucker, Baseball
Colleen Quigley, Track and Field
Collin Morikawa, Golf
Conan Dje, Basketball
Connor Genal, Track and Field
Connor Murphy, Bodybuilding
Cooper Kupp, American Football
Coralie Teraiefa, Soccer
Corbin McCloud, Baseball
Cory McGee, Track and Field
Crissa Jackson, Cycling
Cristobal Del Solar, Golf
Cynthia Leu, Gymnastics
Cyril Jackson, Skateboarding
Dakarai Matthews, Track and Field
DALLAS MAVERICKS, Basketball
Dalvin Cook, American Football
Damarcus Thomas, American Football
Dan Bradbury, Rowing
Dan Gamache, Baseball
Daniel Garza, Tennis
Daniel Sturridge, Soccer
Daniela Gaxiola, Track Cycling
Danielle Zirkelbach, Swimming
Dansby Swanson, Baseball
Dante Bonfim, Soccer
Darian Cruz, Wrestling
Dawson Ladd, Baseball
Deion Sanders, American Football
Deja Ross, Basketball
Delilah Cruz, Track and Field
Derrick Leong, Basketball
Derrick Rose, Basketball
Derrick Williams, Basketball
Desmond Bryant, American Football
Dharampal Singh, Weightlifting
DiDi Haracic, Soccer
Didier Drogba, Soccer
DJ Chark, American Football
DJ Uiagalelei, American Football
Donnie Lewis, American Football
Drake Varnado, Basketball
Duhaney Williams, Soccer
Dustin Watten, Volleyball
Eilish McColgan, Track and Field
Elena Delle Donne, Basketball
Eli Fields, Basketball
Elisa Rovere, Golf
Elisa Wallace, Eventing
Eliza McCartney, Pole Vault
Ella Chaisson, Cheerleading
Ellie Craggs, Softball
Ellie Stevens, Volleyball
Emily Brown, Field Hockey
Emily Faulkner, Rugby
Emily Sonnett, Soccer
Emma Dolan, Swimming
Emma Gonazalez, Gymnastics
Emmanuel Henderson, American Football
Eric Kendricks, American Football
Eric Wood, American Football
Erik Shoji, Volleyball
Erika Chen, Taekwondo
Erin Andrews, Sportscasting
Ernest Owens, Track and Field
Evonne Fatima Britton, Track and Field
Fay Doyle, Rugby
Fernanda Mackenna, Surfing
Fernando Tatis Jr, Baseball
Fred VanVleet, Basketball
Gabriela Santos, Soccer
Gabriella Gordon, Swimming
Gaby Lopez, Golf
Gaelle Wells, Triathlon
Garrett Engle, Baseball
Gary Harris, Basketball
Gary McDonnell, Cycling
Gaston Reyno, MMA
George Bamfo Jr, Soccer
Georgina Herrling, Surfing
Gerardo Parra, Baseball
Gezary Matuda, Brazilian Jitsu
Ginevra Molino, Fencing
Gionna Daddio, Cheerleading
Giuliana Ava, Soccer
Grace Dafoe, Lacrosse
Grace Lyons, Softball
Greg Orosz, Track and Field
Hadley Doyle, Volleyball
Hailie Deegan, Motorsports
Hannah Gregg, Volleyball
Harold Varner III, Golf
Harrison Smith, American Football
Harshvardhan Joshi, Chess
Heidi Jorgensen, Wrestling
Hunter Harvey, Baseball
Iman Perez, Swimming
Iman Shumpert, Basketball
Isaac Crowell, Wrestling
Isabella Buscemi, Fitness
Isabelle Shee, Gymnastics
Ish Monroe, Fishing
Ishani Sawant, Table Tennis
Ivana Habazin, Boxing
Jack Wilshere, Soccer
Jaire Alexander, American Football
Jake Littlehales, Baseball
Jake Northrop, Basketball
Jake Olson, American Football
Jalen Jackson, Basketball
James Shaw, Volleyball
James Wilkins, Wrestling
Jamie Carragher, Soccer
Jamon Della, Ice Hockey
Jaqueline Howell, Softball
Jarrett Stod, Basketball
Jasmine Schmidt, Soccer
Jason Day, Golf
Jason Maitre, Baseball
Jason Poston, Bodybuilding
Jason Rodriguez, Swimming
Javi Guerrero, Soccer
Javon Pride, American Football
Jaylen Dixon, American Football
Jaylen Griffin, Basketball
Jennie Finch, Softball
Jennifer Munoz, Track and Field
Jennifer Song, Golf
Jennifer Sullivan, Ice Hockey
Jeremy Piven, Basketball
Jeremy Roenick, Ice Hockey
Jessenia Gallegos, Soccer
Jessica Mendoza, Softball
Jessica Warren, Softball
Jessie Bates, American Football
Jessie McKay, Wrestling
Jewell Loyd, Basketball
Jimmy Rollins, Baseball
JJ Wolf, Tennis
Joe Hannon, Volleyball
John Isner, Tennis
John Randle, American Football
John Stones, Soccer
Jon Kempin, Soccer
Jonas Folger, Motorcycle Racing
Jonathan Vaughns, Track and Field
Jordan Grant, Baseball
Jordan McCabe, Basketball
Jordan Poole, Basketball
Jorge Fernandes, Surfing
Jose Altuve, Baseball
Josh Oliver, American Football
Josh Osich, Baseball
Josiah Bronson, American Football
Josie Barnes, Bowling
JP Arrazola, American Football
JPA Football, Soccer
Julie Ertz, Soccer
Justin Thomas, Golf
Kaili Hill, Softball
Kaitlyn Suter, Gymnastics
Kaleigh Fratkin, Ice Hockey
Kanoa Igarashi, Surfing
Karim Benzema, Soccer
Kate Courtney, Mountain Biking
Katie Kearney, Golf
Kayla Kaiser, Swimming
Keith Bulluck, American Football
Kendrick Perkins, Basketball
Kevin De Bruyne, Soccer
Kevin Holland, MMA
Kevin Love, Basketball
Kjarstie Corry, Equestrian
Klay Thompson, Basketball
Krishna Pandit, Chess
Kristi Castlin, Track and Field
Kush Papi, Basketball
Kyle Lewis, Baseball
Kylee Quigley, Lacrosse
Lana Mavor, Volleyball
Lauren Brzozowski, Gymnastics
Lauren Hoselton, Diving
Lauren Lea, Volleyball
Leah Stroud, Track and Field
Leon Legge, Soccer
Leonna Mayor, Basketball
Lexi Thompson, Golf
Linda Trockel, Swimming
Lindsey Vonn, Skiing
Liz Gregorski, Wrestling
Logan Misuraca, Volleyball
Lonzo Ball, Basketball
Lou Young, American Football
Louis Oosthuizen, Golf
Luiz Tepedino, Soccer
Lyric Swann, Swimming
Mac McDonough, Rowing
Mackenzie Delacher, Softball
Madeleine Forberg, Fencing
Maggie Luccas, Soccer
Magic Johnson, Basketball
Makinzy Herzog, Gymnastics
Marcus Rios, American Football
Maria Clara Dias, Volleyball
Maria Oliveira, Rowing
Marija Bogavac, Basketball
Mark Khalil, Volleyball
Marquise Moore, Basketball
Marvin Mims Jr, American Football
Matthias Brenner, Rowing
Meg Wolowicz, Soccer
Megan Olivi,Sportscasting
Melissa Garcia, Soccer
Mia Scott, Swimming
Michael Braswell, American Football
Michael Fakuade, Track and Field
Michael Jordan, Basketball
Michael Kay, Baseball
Michela Tjan, Swimming
Miguel Cabrera, Baseball
Mikaela Shiffrin, Skiing
Mikayla Demaiter, Ice Hockey
Mike Barrett, Volleyball
Mike DuPree, American Football
Mike Iaconelli, Fishing
Mike Vick, American Football
Mindy Chen, Table Tennis
Mindy Coretz, Golf
Miranda Alfaro, Track and Field
MJ Seo, Golf
Mogie Adamchik, Beach Volleyball
Montana Delarosa, MMA
Montana Fouts, Softball
Mookie Betts, Baseball
Morgan Pressel, Golf
MS Dhoni, Cricket
Mudit Dani, Table Tennis
Myles Brennan, American Football
Nastia Liukin, Gymnastics
Nicholas Douglas, Swimming
Nicole Modl, Volleyball
Nicole Philen, Soccer
Nikita Pavlychev, Ice Hockey
Nikk Freestyler, Freestyle Football
Nikola Jokic, Basketball
Noah Ohlsen, CrossFit
Noelle Lambert, Track and Field
Olivia Langley, Softball
Oquin Robinson, Basketball
Oribe Peralta, Soccer
Ossama Abbady, Motorsports
Owen Leeper, Skiing
Paige Hathaway, Fitness
Paige Mills, Basketball
Paris Washington, Track and Field
Patrick Cantlay, Golf
Patrick Martin, Basketball
Patrycja Fonfara, Boxing
Patton Kizzire, Golf
Paul Casey, Golf
Paul Ulibarri, Disc Golf
Pavel Datsyuk, Ice Hockey
Pedro Rebocho, Soccer
Perri Goldstein, Golf
Polyanna Suella, Soccer
Preston Playz, Gaming
Rachel Burns, Volleyball
Rachel Heck, Golf
Rae Anderson, Basketball
Rainelle Jones, Track and Field
Ramsey Davis, American Football
Raquel Torres, Track and Field
Ray Lewis, American Football
Rebecca Rusch, Mountain Biking
Ricky Rubio, Basketball
Riley Day, Track and Field
Rita Arnaus, Kitesurfing
Rita Zecchin, Wrestling
Robert Hooper, American Football
Robert Patrick, Wrestling
Rohann Asfaw, Track and Field
Ronde Barber, American Football
Rosanna Cecconi, Soccer
Ruby Wyles, Rugby
Rustam Serbiev, Wrestling
Ryan Dougan, Football (Soccer)
Ryan Howard, Baseball
Ryan Kuse, Baseball
Ryan Sheckler, Skateboarding
Sabine Zola, Gymnastics
Sam Young, American Football
Samara Redway, Gaming
Samuel Ubezonu, Basketball
Samy Bricio, Volleyball
Samya Mohamed, Fencing
Sandeep Chauhan, Wrestling
Santia Deck, American Football
Santiago Duarte, Track and Field
Sara Baumgardner, Basketball
Sara Sutherland, Volleyball
Sarah Crowley, Triathlon
Sarah Strong, Powerlifting
Sarati Callahan, Fitness
Scarlett Hutchinson, Equestrian
Sean Foley, Golf
Sek Henry, Basketball
Shane Porter, Basketball
Shanna Kress, Television Personality
Shaquem Griffin, American Football
Shaun T, Fitness
Shea Bonacci, Volleyball
Sierra Quitiquit, Skiing
Skylar Stewart, Soccer
Sophia Davis, Golf
Sophina DeJesus, Gymnastics
Steve Donahue, Basketball
Steven Gerrard, Soccer
Steven Shaffer, Track and Field
Streat Hoerner, Baseball
Suresh Raina, Cricket
Sydney Hollinger, Gymnastics
Sydney Soloski, Softball
Sydney Williams, Track and Field
Tarik Cohen, American Football
Tasha Curro, Soccer
Tatiyana Jennings, Track and Field
Tavis Lee, Wrestling
Taylor Averill, Volleyball
Taylor Cudequest, Ice Hockey
Taylor Davis, Baseball
Taylor Fritz, Tennis
Taylor Red, Cheerleading
Terron Beckham, Bodybuilding
Terry McLaurin, American Football
The Professor, Basketball
Tiger Woods, Golf
Timea Pintye, Rowing
Timothy Saipramuk, Track and Field
Tony Finau, Golf
Tony Hawk, Skateboarding
Tony Pierce, Track and Field
Travis Pastrana, Motorsports
Trent Brown, American Football
Trenten Merrill, Basketball
Trill Williams, American Football
Trisha Clay, Volleyball
Tristan Jass, Basketball
Tristan Thompson, Basketball
Tristen Roundtree, American Football
Tyler Fryberg, Basketball
Tyler Herro, Basketball
Tylynn Register, Gymnastics
Tyrann Mathieu, American Football
Tyree Willis, Basketball
Tyrese Maxey, Basketball
Tyson Fury, Boxing
Valentina Shevchenko, MMA
Valentino Forcellini, Soccer
Valeriya Kosmachuk, Figure Skating
Vanessa Wong, Gymnastics
Vernon Butler, American Football
Virgi Scardanzan, Soccer
Virgil van Dijk, Soccer
Von Miller, American Football
Willie Calhoun, Baseball
Xavier Mason, American Football
Zion Carter Bryant, Basketball
Zion Clark, Track and Field
Ziyah Holman, Track and Field
Zoe Welsh, Softball
